epochs,rmse
100,0.10048487617413887
200,0.04237177997096429
300,0.04164159395966549
400,0.04127269985737029
500,0.041028184943369156
