iterations,root_mean_squared_error
10,0.22122952714552627
100,0.0248952515242778
500,2.46432807326723e-06
1000,1.7143422366618274e-14
