epochs,rmse
100,0.42037556933983855
200,0.42157133627100046
300,0.4248268693531486
400,0.4262928550619437
500,0.42741384362622625
