iterations,root_mean_squared_error
10,0.4281619902398111
100,0.4224015458477845
500,0.4204030328193914
1000,0.4200635592839336
